barcode,in_tissue,array_row,array_col,pxl_row_in_fullres,pxl_col_in_fullres
AAAAAAAAAAAAAAAA-1,0,0,0,600.0,600.0
CAAAAAAAAAAAAAAA-1,0,0,2,600.0,1000.0
GAAAAAAAAAAAAAAA-1,0,0,4,600.0,1400.0
TAAAAAAAAAAAAAAA-1,0,0,6,600.0,1800.0
ACAAAAAAAAAAAAAA-1,0,0,8,600.0,2200.0
CCAAAAAAAAAAAAAA-1,0,0,10,600.0,2600.0
GCAAAAAAAAAAAAAA-1,0,0,12,600.0,3000.0
TCAAAAAAAAAAAAAA-1,0,0,14,600.0,3400.0
AGAAAAAAAAAAAAAA-1,0,0,16,600.0,3800.0
CGAAAAAAAAAAAAAA-1,0,0,18,600.0,4200.0
GGAAAAAAAAAAAAAA-1,0,0,20,600.0,4600.0
TGAAAAAAAAAAAAAA-1,0,0,22,600.0,5000.0
ATAAAAAAAAAAAAAA-1,0,0,24,600.0,5400.0
CTAAAAAAAAAAAAAA-1,0,0,26,600.0,5800.0
GTAAAAAAAAAAAAAA-1,0,0,28,600.0,6200.0
TTAAAAAAAAAAAAAA-1,0,0,30,600.0,6600.0
AACAAAAAAAAAAAAA-1,0,0,32,600.0,7000.0
CACAAAAAAAAAAAAA-1,0,0,34,600.0,7400.0
GACAAAAAAAAAAAAA-1,0,0,36,600.0,7800.0
TACAAAAAAAAAAAAA-1,0,0,38,600.0,8200.0
ACCAAAAAAAAAAAAA-1,0,0,40,600.0,8600.0
CCCAAAAAAAAAAAAA-1,0,0,42,600.0,9000.0
GCCAAAAAAAAAAAAA-1,0,0,44,600.0,9400.0
TCCAAAAAAAAAAAAA-1,0,0,46,600.0,9800.0
AGCAAAAAAAAAAAAA-1,0,0,48,600.0,10200.0
CGCAAAAAAAAAAAAA-1,0,0,50,600.0,10600.0
GGCAAAAAAAAAAAAA-1,0,0,52,600.0,11000.0
TGCAAAAAAAAAAAAA-1,0,0,54,600.0,11400.0
ATCAAAAAAAAAAAAA-1,0,1,1,946.4101615137754,800.0
CTCAAAAAAAAAAAAA-1,0,1,3,946.4101615137754,1200.0
GTCAAAAAAAAAAAAA-1,0,1,5,946.4101615137754,1600.0
TTCAAAAAAAAAAAAA-1,0,1,7,946.4101615137754,2000.0
AAGAAAAAAAAAAAAA-1,0,1,9,946.4101615137754,2400.0
CAGAAAAAAAAAAAAA-1,0,1,11,946.4101615137754,2800.0
GAGAAAAAAAAAAAAA-1,0,1,13,946.4101615137754,3200.0
TAGAAAAAAAAAAAAA-1,0,1,15,946.4101615137754,3600.0
ACGAAAAAAAAAAAAA-1,0,1,17,946.4101615137754,4000.0
CCGAAAAAAAAAAAAA-1,0,1,19,946.4101615137754,4400.0
GCGAAAAAAAAAAAAA-1,0,1,21,946.4101615137754,4800.0
TCGAAAAAAAAAAAAA-1,0,1,23,946.4101615137754,5200.0
AGGAAAAAAAAAAAAA-1,0,1,25,946.4101615137754,5600.0
CGGAAAAAAAAAAAAA-1,0,1,27,946.4101615137754,6000.0
GGGAAAAAAAAAAAAA-1,0,1,29,946.4101615137754,6400.0
TGGAAAAAAAAAAAAA-1,0,1,31,946.4101615137754,6800.0
ATGAAAAAAAAAAAAA-1,0,1,33,946.4101615137754,7200.0
CTGAAAAAAAAAAAAA-1,0,1,35,946.4101615137754,7600.0
GTGAAAAAAAAAAAAA-1,0,1,37,946.4101615137754,8000.0
TTGAAAAAAAAAAAAA-1,0,1,39,946.4101615137754,8400.0
AATAAAAAAAAAAAAA-1,0,1,41,946.4101615137754,8800.0
CATAAAAAAAAAAAAA-1,0,1,43,946.4101615137754,9200.0
GATAAAAAAAAAAAAA-1,0,1,45,946.4101615137754,9600.0
TATAAAAAAAAAAAAA-1,0,1,47,946.4101615137754,10000.0
ACTAAAAAAAAAAAAA-1,0,1,49,946.4101615137754,10400.0
CCTAAAAAAAAAAAAA-1,0,1,51,946.4101615137754,10800.0
GCTAAAAAAAAAAAAA-1,0,1,53,946.4101615137754,11200.0
TCTAAAAAAAAAAAAA-1,0,1,55,946.4101615137754,11600.0
AGTAAAAAAAAAAAAA-1,0,2,0,1292.8203230275508,600.0
CGTAAAAAAAAAAAAA-1,0,2,2,1292.8203230275508,1000.0
GGTAAAAAAAAAAAAA-1,0,2,4,1292.8203230275508,1400.0
TGTAAAAAAAAAAAAA-1,0,2,6,1292.8203230275508,1800.0
ATTAAAAAAAAAAAAA-1,0,2,8,1292.8203230275508,2200.0
CTTAAAAAAAAAAAAA-1,0,2,10,1292.8203230275508,2600.0
GTTAAAAAAAAAAAAA-1,0,2,12,1292.8203230275508,3000.0
TTTAAAAAAAAAAAAA-1,0,2,14,1292.8203230275508,3400.0
AAACAAAAAAAAAAAA-1,0,2,16,1292.8203230275508,3800.0
CAACAAAAAAAAAAAA-1,0,2,18,1292.8203230275508,4200.0
GAACAAAAAAAAAAAA-1,0,2,20,1292.8203230275508,4600.0
TAACAAAAAAAAAAAA-1,0,2,22,1292.8203230275508,5000.0
ACACAAAAAAAAAAAA-1,0,2,24,1292.8203230275508,5400.0
CCACAAAAAAAAAAAA-1,0,2,26,1292.8203230275508,5800.0
GCACAAAAAAAAAAAA-1,0,2,28,1292.8203230275508,6200.0
TCACAAAAAAAAAAAA-1,0,2,30,1292.8203230275508,6600.0
AGACAAAAAAAAAAAA-1,0,2,32,1292.8203230275508,7000.0
CGACAAAAAAAAAAAA-1,0,2,34,1292.8203230275508,7400.0
GGACAAAAAAAAAAAA-1,0,2,36,1292.8203230275508,7800.0
TGACAAAAAAAAAAAA-1,0,2,38,1292.8203230275508,8200.0
ATACAAAAAAAAAAAA-1,0,2,40,1292.8203230275508,8600.0
CTACAAAAAAAAAAAA-1,0,2,42,1292.8203230275508,9000.0
GTACAAAAAAAAAAAA-1,0,2,44,1292.8203230275508,9400.0
TTACAAAAAAAAAAAA-1,0,2,46,1292.8203230275508,9800.0
AACCAAAAAAAAAAAA-1,0,2,48,1292.8203230275508,10200.0
CACCAAAAAAAAAAAA-1,0,2,50,1292.8203230275508,10600.0
GACCAAAAAAAAAAAA-1,0,2,52,1292.8203230275508,11000.0
TACCAAAAAAAAAAAA-1,0,2,54,1292.8203230275508,11400.0
ACCCAAAAAAAAAAAA-1,0,3,1,1639.2304845413264,800.0
CCCCAAAAAAAAAAAA-1,0,3,3,1639.2304845413264,1200.0
GCCCAAAAAAAAAAAA-1,0,3,5,1639.2304845413264,1600.0
TCCCAAAAAAAAAAAA-1,0,3,7,1639.2304845413264,2000.0
AGCCAAAAAAAAAAAA-1,0,3,9,1639.2304845413264,2400.0
CGCCAAAAAAAAAAAA-1,0,3,11,1639.2304845413264,2800.0
GGCCAAAAAAAAAAAA-1,0,3,13,1639.2304845413264,3200.0
TGCCAAAAAAAAAAAA-1,0,3,15,1639.2304845413264,3600.0
ATCCAAAAAAAAAAAA-1,0,3,17,1639.2304845413264,4000.0
CTCCAAAAAAAAAAAA-1,0,3,19,1639.2304845413264,4400.0
GTCCAAAAAAAAAAAA-1,0,3,21,1639.2304845413264,4800.0
TTCCAAAAAAAAAAAA-1,1,3,23,1639.2304845413264,5200.0
AAGCAAAAAAAAAAAA-1,1,3,25,1639.2304845413264,5600.0
CAGCAAAAAAAAAAAA-1,1,3,27,1639.2304845413264,6000.0
GAGCAAAAAAAAAAAA-1,1,3,29,1639.2304845413264,6400.0
TAGCAAAAAAAAAAAA-1,1,3,31,1639.2304845413264,6800.0
ACGCAAAAAAAAAAAA-1,1,3,33,1639.2304845413264,7200.0
CCGCAAAAAAAAAAAA-1,0,3,35,1639.2304845413264,7600.0
GCGCAAAAAAAAAAAA-1,0,3,37,1639.2304845413264,8000.0
TCGCAAAAAAAAAAAA-1,0,3,39,1639.2304845413264,8400.0
AGGCAAAAAAAAAAAA-1,0,3,41,1639.2304845413264,8800.0
CGGCAAAAAAAAAAAA-1,0,3,43,1639.2304845413264,9200.0
GGGCAAAAAAAAAAAA-1,0,3,45,1639.2304845413264,9600.0
TGGCAAAAAAAAAAAA-1,0,3,47,1639.2304845413264,10000.0
ATGCAAAAAAAAAAAA-1,0,3,49,1639.2304845413264,10400.0
CTGCAAAAAAAAAAAA-1,0,3,51,1639.2304845413264,10800.0
GTGCAAAAAAAAAAAA-1,0,3,53,1639.2304845413264,11200.0
TTGCAAAAAAAAAAAA-1,0,3,55,1639.2304845413264,11600.0
AATCAAAAAAAAAAAA-1,0,4,0,1985.6406460551018,600.0
CATCAAAAAAAAAAAA-1,0,4,2,1985.6406460551018,1000.0
GATCAAAAAAAAAAAA-1,0,4,4,1985.6406460551018,1400.0
TATCAAAAAAAAAAAA-1,0,4,6,1985.6406460551018,1800.0
ACTCAAAAAAAAAAAA-1,0,4,8,1985.6406460551018,2200.0
CCTCAAAAAAAAAAAA-1,0,4,10,1985.6406460551018,2600.0
GCTCAAAAAAAAAAAA-1,0,4,12,1985.6406460551018,3000.0
TCTCAAAAAAAAAAAA-1,0,4,14,1985.6406460551018,3400.0
AGTCAAAAAAAAAAAA-1,1,4,16,1985.6406460551018,3800.0
CGTCAAAAAAAAAAAA-1,1,4,18,1985.6406460551018,4200.0
GGTCAAAAAAAAAAAA-1,1,4,20,1985.6406460551018,4600.0
TGTCAAAAAAAAAAAA-1,1,4,22,1985.6406460551018,5000.0
ATTCAAAAAAAAAAAA-1,1,4,24,1985.6406460551018,5400.0
CTTCAAAAAAAAAAAA-1,1,4,26,1985.6406460551018,5800.0
GTTCAAAAAAAAAAAA-1,1,4,28,1985.6406460551018,6200.0
TTTCAAAAAAAAAAAA-1,1,4,30,1985.6406460551018,6600.0
AAAGAAAAAAAAAAAA-1,1,4,32,1985.6406460551018,7000.0
CAAGAAAAAAAAAAAA-1,1,4,34,1985.6406460551018,7400.0
GAAGAAAAAAAAAAAA-1,1,4,36,1985.6406460551018,7800.0
TAAGAAAAAAAAAAAA-1,1,4,38,1985.6406460551018,8200.0
ACAGAAAAAAAAAAAA-1,0,4,40,1985.6406460551018,8600.0
CCAGAAAAAAAAAAAA-1,0,4,42,1985.6406460551018,9000.0
GCAGAAAAAAAAAAAA-1,0,4,44,1985.6406460551018,9400.0
TCAGAAAAAAAAAAAA-1,0,4,46,1985.6406460551018,9800.0
AGAGAAAAAAAAAAAA-1,0,4,48,1985.6406460551018,10200.0
CGAGAAAAAAAAAAAA-1,0,4,50,1985.6406460551018,10600.0
GGAGAAAAAAAAAAAA-1,0,4,52,1985.6406460551018,11000.0
TGAGAAAAAAAAAAAA-1,0,4,54,1985.6406460551018,11400.0
ATAGAAAAAAAAAAAA-1,0,5,1,2332.050807568877,800.0
CTAGAAAAAAAAAAAA-1,0,5,3,2332.050807568877,1200.0
GTAGAAAAAAAAAAAA-1,0,5,5,2332.050807568877,1600.0
TTAGAAAAAAAAAAAA-1,0,5,7,2332.050807568877,2000.0
AACGAAAAAAAAAAAA-1,0,5,9,2332.050807568877,2400.0
CACGAAAAAAAAAAAA-1,0,5,11,2332.050807568877,2800.0
GACGAAAAAAAAAAAA-1,0,5,13,2332.050807568877,3200.0
TACGAAAAAAAAAAAA-1,1,5,15,2332.050807568877,3600.0
ACCGAAAAAAAAAAAA-1,1,5,17,2332.050807568877,4000.0
CCCGAAAAAAAAAAAA-1,1,5,19,2332.050807568877,4400.0
GCCGAAAAAAAAAAAA-1,1,5,21,2332.050807568877,4800.0
TCCGAAAAAAAAAAAA-1,1,5,23,2332.050807568877,5200.0
AGCGAAAAAAAAAAAA-1,1,5,25,2332.050807568877,5600.0
CGCGAAAAAAAAAAAA-1,1,5,27,2332.050807568877,6000.0
GGCGAAAAAAAAAAAA-1,1,5,29,2332.050807568877,6400.0
TGCGAAAAAAAAAAAA-1,1,5,31,2332.050807568877,6800.0
ATCGAAAAAAAAAAAA-1,1,5,33,2332.050807568877,7200.0
CTCGAAAAAAAAAAAA-1,1,5,35,2332.050807568877,7600.0
GTCGAAAAAAAAAAAA-1,1,5,37,2332.050807568877,8000.0
TTCGAAAAAAAAAAAA-1,1,5,39,2332.050807568877,8400.0
AAGGAAAAAAAAAAAA-1,1,5,41,2332.050807568877,8800.0
CAGGAAAAAAAAAAAA-1,0,5,43,2332.050807568877,9200.0
GAGGAAAAAAAAAAAA-1,0,5,45,2332.050807568877,9600.0
TAGGAAAAAAAAAAAA-1,0,5,47,2332.050807568877,10000.0
ACGGAAAAAAAAAAAA-1,0,5,49,2332.050807568877,10400.0
CCGGAAAAAAAAAAAA-1,0,5,51,2332.050807568877,10800.0
GCGGAAAAAAAAAAAA-1,0,5,53,2332.050807568877,11200.0
TCGGAAAAAAAAAAAA-1,0,5,55,2332.050807568877,11600.0
AGGGAAAAAAAAAAAA-1,0,6,0,2678.460969082653,600.0
CGGGAAAAAAAAAAAA-1,0,6,2,2678.460969082653,1000.0
GGGGAAAAAAAAAAAA-1,0,6,4,2678.460969082653,1400.0
TGGGAAAAAAAAAAAA-1,0,6,6,2678.460969082653,1800.0
ATGGAAAAAAAAAAAA-1,0,6,8,2678.460969082653,2200.0
CTGGAAAAAAAAAAAA-1,0,6,10,2678.460969082653,2600.0
GTGGAAAAAAAAAAAA-1,1,6,12,2678.460969082653,3000.0
TTGGAAAAAAAAAAAA-1,1,6,14,2678.460969082653,3400.0
AATGAAAAAAAAAAAA-1,1,6,16,2678.460969082653,3800.0
CATGAAAAAAAAAAAA-1,1,6,18,2678.460969082653,4200.0
GATGAAAAAAAAAAAA-1,1,6,20,2678.460969082653,4600.0
TATGAAAAAAAAAAAA-1,1,6,22,2678.460969082653,5000.0
ACTGAAAAAAAAAAAA-1,1,6,24,2678.460969082653,5400.0
CCTGAAAAAAAAAAAA-1,1,6,26,2678.460969082653,5800.0
GCTGAAAAAAAAAAAA-1,1,6,28,2678.460969082653,6200.0
TCTGAAAAAAAAAAAA-1,1,6,30,2678.460969082653,6600.0
AGTGAAAAAAAAAAAA-1,1,6,32,2678.460969082653,7000.0
CGTGAAAAAAAAAAAA-1,1,6,34,2678.460969082653,7400.0
GGTGAAAAAAAAAAAA-1,1,6,36,2678.460969082653,7800.0
TGTGAAAAAAAAAAAA-1,1,6,38,2678.460969082653,8200.0
ATTGAAAAAAAAAAAA-1,1,6,40,2678.460969082653,8600.0
CTTGAAAAAAAAAAAA-1,1,6,42,2678.460969082653,9000.0
GTTGAAAAAAAAAAAA-1,0,6,44,2678.460969082653,9400.0
TTTGAAAAAAAAAAAA-1,0,6,46,2678.460969082653,9800.0
AAATAAAAAAAAAAAA-1,0,6,48,2678.460969082653,10200.0
CAATAAAAAAAAAAAA-1,0,6,50,2678.460969082653,10600.0
GAATAAAAAAAAAAAA-1,0,6,52,2678.460969082653,11000.0
TAATAAAAAAAAAAAA-1,0,6,54,2678.460969082653,11400.0
ACATAAAAAAAAAAAA-1,0,7,1,3024.871130596428,800.0
CCATAAAAAAAAAAAA-1,0,7,3,3024.871130596428,1200.0
GCATAAAAAAAAAAAA-1,0,7,5,3024.871130596428,1600.0
TCATAAAAAAAAAAAA-1,0,7,7,3024.871130596428,2000.0
AGATAAAAAAAAAAAA-1,0,7,9,3024.871130596428,2400.0
CGATAAAAAAAAAAAA-1,1,7,11,3024.871130596428,2800.0
GGATAAAAAAAAAAAA-1,1,7,13,3024.871130596428,3200.0
TGATAAAAAAAAAAAA-1,1,7,15,3024.871130596428,3600.0
ATATAAAAAAAAAAAA-1,1,7,17,3024.871130596428,4000.0
CTATAAAAAAAAAAAA-1,1,7,19,3024.871130596428,4400.0
GTATAAAAAAAAAAAA-1,1,7,21,3024.871130596428,4800.0
TTATAAAAAAAAAAAA-1,1,7,23,3024.871130596428,5200.0
AACTAAAAAAAAAAAA-1,1,7,25,3024.871130596428,5600.0
CACTAAAAAAAAAAAA-1,1,7,27,3024.871130596428,6000.0
GACTAAAAAAAAAAAA-1,1,7,29,3024.871130596428,6400.0
TACTAAAAAAAAAAAA-1,1,7,31,3024.871130596428,6800.0
ACCTAAAAAAAAAAAA-1,1,7,33,3024.871130596428,7200.0
CCCTAAAAAAAAAAAA-1,1,7,35,3024.871130596428,7600.0
GCCTAAAAAAAAAAAA-1,1,7,37,3024.871130596428,8000.0
TCCTAAAAAAAAAAAA-1,1,7,39,3024.871130596428,8400.0
AGCTAAAAAAAAAAAA-1,1,7,41,3024.871130596428,8800.0
CGCTAAAAAAAAAAAA-1,1,7,43,3024.871130596428,9200.0
GGCTAAAAAAAAAAAA-1,1,7,45,3024.871130596428,9600.0
TGCTAAAAAAAAAAAA-1,0,7,47,3024.871130596428,10000.0
ATCTAAAAAAAAAAAA-1,0,7,49,3024.871130596428,10400.0
CTCTAAAAAAAAAAAA-1,0,7,51,3024.871130596428,10800.0
GTCTAAAAAAAAAAAA-1,0,7,53,3024.871130596428,11200.0
TTCTAAAAAAAAAAAA-1,0,7,55,3024.871130596428,11600.0
AAGTAAAAAAAAAAAA-1,0,8,0,3371.2812921102036,600.0
CAGTAAAAAAAAAAAA-1,0,8,2,3371.2812921102036,1000.0
GAGTAAAAAAAAAAAA-1,0,8,4,3371.2812921102036,1400.0
TAGTAAAAAAAAAAAA-1,0,8,6,3371.2812921102036,1800.0
ACGTAAAAAAAAAAAA-1,1,8,8,3371.2812921102036,2200.0
CCGTAAAAAAAAAAAA-1,1,8,10,3371.2812921102036,2600.0
GCGTAAAAAAAAAAAA-1,1,8,12,3371.2812921102036,3000.0
TCGTAAAAAAAAAAAA-1,1,8,14,3371.2812921102036,3400.0
AGGTAAAAAAAAAAAA-1,1,8,16,3371.2812921102036,3800.0
CGGTAAAAAAAAAAAA-1,1,8,18,3371.2812921102036,4200.0
GGGTAAAAAAAAAAAA-1,1,8,20,3371.2812921102036,4600.0
TGGTAAAAAAAAAAAA-1,1,8,22,3371.2812921102036,5000.0
ATGTAAAAAAAAAAAA-1,1,8,24,3371.2812921102036,5400.0
CTGTAAAAAAAAAAAA-1,1,8,26,3371.2812921102036,5800.0
GTGTAAAAAAAAAAAA-1,1,8,28,3371.2812921102036,6200.0
TTGTAAAAAAAAAAAA-1,1,8,30,3371.2812921102036,6600.0
AATTAAAAAAAAAAAA-1,1,8,32,3371.2812921102036,7000.0
CATTAAAAAAAAAAAA-1,1,8,34,3371.2812921102036,7400.0
GATTAAAAAAAAAAAA-1,1,8,36,3371.2812921102036,7800.0
TATTAAAAAAAAAAAA-1,1,8,38,3371.2812921102036,8200.0
ACTTAAAAAAAAAAAA-1,1,8,40,3371.2812921102036,8600.0
CCTTAAAAAAAAAAAA-1,1,8,42,3371.2812921102036,9000.0
GCTTAAAAAAAAAAAA-1,1,8,44,3371.2812921102036,9400.0
TCTTAAAAAAAAAAAA-1,1,8,46,3371.2812921102036,9800.0
AGTTAAAAAAAAAAAA-1,0,8,48,3371.2812921102036,10200.0
CGTTAAAAAAAAAAAA-1,0,8,50,3371.2812921102036,10600.0
GGTTAAAAAAAAAAAA-1,0,8,52,3371.2812921102036,11000.0
TGTTAAAAAAAAAAAA-1,0,8,54,3371.2812921102036,11400.0
ATTTAAAAAAAAAAAA-1,0,9,1,3717.691453623979,800.0
CTTTAAAAAAAAAAAA-1,0,9,3,3717.691453623979,1200.0
GTTTAAAAAAAAAAAA-1,0,9,5,3717.691453623979,1600.0
TTTTAAAAAAAAAAAA-1,0,9,7,3717.691453623979,2000.0
AAAACAAAAAAAAAAA-1,1,9,9,3717.691453623979,2400.0
CAAACAAAAAAAAAAA-1,1,9,11,3717.691453623979,2800.0
GAAACAAAAAAAAAAA-1,1,9,13,3717.691453623979,3200.0
TAAACAAAAAAAAAAA-1,1,9,15,3717.691453623979,3600.0
ACAACAAAAAAAAAAA-1,1,9,17,3717.691453623979,4000.0
CCAACAAAAAAAAAAA-1,1,9,19,3717.691453623979,4400.0
GCAACAAAAAAAAAAA-1,1,9,21,3717.691453623979,4800.0
TCAACAAAAAAAAAAA-1,1,9,23,3717.691453623979,5200.0
AGAACAAAAAAAAAAA-1,1,9,25,3717.691453623979,5600.0
CGAACAAAAAAAAAAA-1,1,9,27,3717.691453623979,6000.0
GGAACAAAAAAAAAAA-1,1,9,29,3717.691453623979,6400.0
TGAACAAAAAAAAAAA-1,1,9,31,3717.691453623979,6800.0
ATAACAAAAAAAAAAA-1,1,9,33,3717.691453623979,7200.0
CTAACAAAAAAAAAAA-1,1,9,35,3717.691453623979,7600.0
GTAACAAAAAAAAAAA-1,1,9,37,3717.691453623979,8000.0
TTAACAAAAAAAAAAA-1,1,9,39,3717.691453623979,8400.0
AACACAAAAAAAAAAA-1,1,9,41,3717.691453623979,8800.0
CACACAAAAAAAAAAA-1,1,9,43,3717.691453623979,9200.0
GACACAAAAAAAAAAA-1,1,9,45,3717.691453623979,9600.0
TACACAAAAAAAAAAA-1,1,9,47,3717.691453623979,10000.0
ACCACAAAAAAAAAAA-1,0,9,49,3717.691453623979,10400.0
CCCACAAAAAAAAAAA-1,0,9,51,3717.691453623979,10800.0
GCCACAAAAAAAAAAA-1,0,9,53,3717.691453623979,11200.0
TCCACAAAAAAAAAAA-1,0,9,55,3717.691453623979,11600.0
AGCACAAAAAAAAAAA-1,0,10,0,4064.1016151377544,600.0
CGCACAAAAAAAAAAA-1,0,10,2,4064.1016151377544,1000.0
GGCACAAAAAAAAAAA-1,0,10,4,4064.1016151377544,1400.0
TGCACAAAAAAAAAAA-1,0,10,6,4064.1016151377544,1800.0
ATCACAAAAAAAAAAA-1,1,10,8,4064.1016151377544,2200.0
CTCACAAAAAAAAAAA-1,1,10,10,4064.1016151377544,2600.0
GTCACAAAAAAAAAAA-1,1,10,12,4064.1016151377544,3000.0
TTCACAAAAAAAAAAA-1,1,10,14,4064.1016151377544,3400.0
AAGACAAAAAAAAAAA-1,1,10,16,4064.1016151377544,3800.0
CAGACAAAAAAAAAAA-1,1,10,18,4064.1016151377544,4200.0
GAGACAAAAAAAAAAA-1,1,10,20,4064.1016151377544,4600.0
TAGACAAAAAAAAAAA-1,1,10,22,4064.1016151377544,5000.0
ACGACAAAAAAAAAAA-1,1,10,24,4064.1016151377544,5400.0
CCGACAAAAAAAAAAA-1,1,10,26,4064.1016151377544,5800.0
GCGACAAAAAAAAAAA-1,1,10,28,4064.1016151377544,6200.0
TCGACAAAAAAAAAAA-1,1,10,30,4064.1016151377544,6600.0
AGGACAAAAAAAAAAA-1,1,10,32,4064.1016151377544,7000.0
CGGACAAAAAAAAAAA-1,1,10,34,4064.1016151377544,7400.0
GGGACAAAAAAAAAAA-1,1,10,36,4064.1016151377544,7800.0
TGGACAAAAAAAAAAA-1,1,10,38,4064.1016151377544,8200.0
ATGACAAAAAAAAAAA-1,1,10,40,4064.1016151377544,8600.0
CTGACAAAAAAAAAAA-1,1,10,42,4064.1016151377544,9000.0
GTGACAAAAAAAAAAA-1,1,10,44,4064.1016151377544,9400.0
TTGACAAAAAAAAAAA-1,1,10,46,4064.1016151377544,9800.0
AATACAAAAAAAAAAA-1,0,10,48,4064.1016151377544,10200.0
CATACAAAAAAAAAAA-1,0,10,50,4064.1016151377544,10600.0
GATACAAAAAAAAAAA-1,0,10,52,4064.1016151377544,11000.0
TATACAAAAAAAAAAA-1,0,10,54,4064.1016151377544,11400.0
ACTACAAAAAAAAAAA-1,0,11,1,4410.51177665153,800.0
CCTACAAAAAAAAAAA-1,0,11,3,4410.51177665153,1200.0
GCTACAAAAAAAAAAA-1,0,11,5,4410.51177665153,1600.0
TCTACAAAAAAAAAAA-1,0,11,7,4410.51177665153,2000.0
AGTACAAAAAAAAAAA-1,1,11,9,4410.51177665153,2400.0
CGTACAAAAAAAAAAA-1,1,11,11,4410.51177665153,2800.0
GGTACAAAAAAAAAAA-1,1,11,13,4410.51177665153,3200.0
TGTACAAAAAAAAAAA-1,1,11,15,4410.51177665153,3600.0
ATTACAAAAAAAAAAA-1,1,11,17,4410.51177665153,4000.0
CTTACAAAAAAAAAAA-1,1,11,19,4410.51177665153,4400.0
GTTACAAAAAAAAAAA-1,1,11,21,4410.51177665153,4800.0
TTTACAAAAAAAAAAA-1,1,11,23,4410.51177665153,5200.0
AAACCAAAAAAAAAAA-1,1,11,25,4410.51177665153,5600.0
CAACCAAAAAAAAAAA-1,1,11,27,4410.51177665153,6000.0
GAACCAAAAAAAAAAA-1,1,11,29,4410.51177665153,6400.0
TAACCAAAAAAAAAAA-1,1,11,31,4410.51177665153,6800.0
ACACCAAAAAAAAAAA-1,1,11,33,4410.51177665153,7200.0
CCACCAAAAAAAAAAA-1,1,11,35,4410.51177665153,7600.0
GCACCAAAAAAAAAAA-1,1,11,37,4410.51177665153,8000.0
TCACCAAAAAAAAAAA-1,1,11,39,4410.51177665153,8400.0
AGACCAAAAAAAAAAA-1,1,11,41,4410.51177665153,8800.0
CGACCAAAAAAAAAAA-1,1,11,43,4410.51177665153,9200.0
GGACCAAAAAAAAAAA-1,1,11,45,4410.51177665153,9600.0
TGACCAAAAAAAAAAA-1,1,11,47,4410.51177665153,10000.0
ATACCAAAAAAAAAAA-1,0,11,49,4410.51177665153,10400.0
CTACCAAAAAAAAAAA-1,0,11,51,4410.51177665153,10800.0
GTACCAAAAAAAAAAA-1,0,11,53,4410.51177665153,11200.0
TTACCAAAAAAAAAAA-1,0,11,55,4410.51177665153,11600.0
AACCCAAAAAAAAAAA-1,0,12,0,4756.921938165306,600.0
CACCCAAAAAAAAAAA-1,0,12,2,4756.921938165306,1000.0
GACCCAAAAAAAAAAA-1,0,12,4,4756.921938165306,1400.0
TACCCAAAAAAAAAAA-1,0,12,6,4756.921938165306,1800.0
ACCCCAAAAAAAAAAA-1,1,12,8,4756.921938165306,2200.0
CCCCCAAAAAAAAAAA-1,1,12,10,4756.921938165306,2600.0
GCCCCAAAAAAAAAAA-1,1,12,12,4756.921938165306,3000.0
TCCCCAAAAAAAAAAA-1,1,12,14,4756.921938165306,3400.0
AGCCCAAAAAAAAAAA-1,1,12,16,4756.921938165306,3800.0
CGCCCAAAAAAAAAAA-1,1,12,18,4756.921938165306,4200.0
GGCCCAAAAAAAAAAA-1,1,12,20,4756.921938165306,4600.0
TGCCCAAAAAAAAAAA-1,1,12,22,4756.921938165306,5000.0
ATCCCAAAAAAAAAAA-1,1,12,24,4756.921938165306,5400.0
CTCCCAAAAAAAAAAA-1,1,12,26,4756.921938165306,5800.0
GTCCCAAAAAAAAAAA-1,1,12,28,4756.921938165306,6200.0
TTCCCAAAAAAAAAAA-1,1,12,30,4756.921938165306,6600.0
AAGCCAAAAAAAAAAA-1,1,12,32,4756.921938165306,7000.0
CAGCCAAAAAAAAAAA-1,1,12,34,4756.921938165306,7400.0
GAGCCAAAAAAAAAAA-1,1,12,36,4756.921938165306,7800.0
TAGCCAAAAAAAAAAA-1,1,12,38,4756.921938165306,8200.0
ACGCCAAAAAAAAAAA-1,1,12,40,4756.921938165306,8600.0
CCGCCAAAAAAAAAAA-1,1,12,42,4756.921938165306,9000.0
GCGCCAAAAAAAAAAA-1,1,12,44,4756.921938165306,9400.0
TCGCCAAAAAAAAAAA-1,1,12,46,4756.921938165306,9800.0
AGGCCAAAAAAAAAAA-1,0,12,48,4756.921938165306,10200.0
CGGCCAAAAAAAAAAA-1,0,12,50,4756.921938165306,10600.0
GGGCCAAAAAAAAAAA-1,0,12,52,4756.921938165306,11000.0
TGGCCAAAAAAAAAAA-1,0,12,54,4756.921938165306,11400.0
ATGCCAAAAAAAAAAA-1,0,13,1,5103.332099679081,800.0
CTGCCAAAAAAAAAAA-1,0,13,3,5103.332099679081,1200.0
GTGCCAAAAAAAAAAA-1,0,13,5,5103.332099679081,1600.0
TTGCCAAAAAAAAAAA-1,0,13,7,5103.332099679081,2000.0
AATCCAAAAAAAAAAA-1,1,13,9,5103.332099679081,2400.0
CATCCAAAAAAAAAAA-1,1,13,11,5103.332099679081,2800.0
GATCCAAAAAAAAAAA-1,1,13,13,5103.332099679081,3200.0
TATCCAAAAAAAAAAA-1,1,13,15,5103.332099679081,3600.0
ACTCCAAAAAAAAAAA-1,1,13,17,5103.332099679081,4000.0
CCTCCAAAAAAAAAAA-1,1,13,19,5103.332099679081,4400.0
GCTCCAAAAAAAAAAA-1,1,13,21,5103.332099679081,4800.0
TCTCCAAAAAAAAAAA-1,1,13,23,5103.332099679081,5200.0
AGTCCAAAAAAAAAAA-1,1,13,25,5103.332099679081,5600.0
CGTCCAAAAAAAAAAA-1,1,13,27,5103.332099679081,6000.0
GGTCCAAAAAAAAAAA-1,1,13,29,5103.332099679081,6400.0
TGTCCAAAAAAAAAAA-1,1,13,31,5103.332099679081,6800.0
ATTCCAAAAAAAAAAA-1,1,13,33,5103.332099679081,7200.0
CTTCCAAAAAAAAAAA-1,1,13,35,5103.332099679081,7600.0
GTTCCAAAAAAAAAAA-1,1,13,37,5103.332099679081,8000.0
TTTCCAAAAAAAAAAA-1,1,13,39,5103.332099679081,8400.0
AAAGCAAAAAAAAAAA-1,1,13,41,5103.332099679081,8800.0
CAAGCAAAAAAAAAAA-1,1,13,43,5103.332099679081,9200.0
GAAGCAAAAAAAAAAA-1,1,13,45,5103.332099679081,9600.0
TAAGCAAAAAAAAAAA-1,1,13,47,5103.332099679081,10000.0
ACAGCAAAAAAAAAAA-1,0,13,49,5103.332099679081,10400.0
CCAGCAAAAAAAAAAA-1,0,13,51,5103.332099679081,10800.0
GCAGCAAAAAAAAAAA-1,0,13,53,5103.332099679081,11200.0
TCAGCAAAAAAAAAAA-1,0,13,55,5103.332099679081,11600.0
AGAGCAAAAAAAAAAA-1,0,14,0,5449.742261192856,600.0
CGAGCAAAAAAAAAAA-1,0,14,2,5449.742261192856,1000.0
GGAGCAAAAAAAAAAA-1,0,14,4,5449.742261192856,1400.0
TGAGCAAAAAAAAAAA-1,0,14,6,5449.742261192856,1800.0
ATAGCAAAAAAAAAAA-1,0,14,8,5449.742261192856,2200.0
CTAGCAAAAAAAAAAA-1,1,14,10,5449.742261192856,2600.0
GTAGCAAAAAAAAAAA-1,1,14,12,5449.742261192856,3000.0
TTAGCAAAAAAAAAAA-1,1,14,14,5449.742261192856,3400.0
AACGCAAAAAAAAAAA-1,1,14,16,5449.742261192856,3800.0
CACGCAAAAAAAAAAA-1,1,14,18,5449.742261192856,4200.0
GACGCAAAAAAAAAAA-1,1,14,20,5449.742261192856,4600.0
TACGCAAAAAAAAAAA-1,1,14,22,5449.742261192856,5000.0
ACCGCAAAAAAAAAAA-1,1,14,24,5449.742261192856,5400.0
CCCGCAAAAAAAAAAA-1,1,14,26,5449.742261192856,5800.0
GCCGCAAAAAAAAAAA-1,1,14,28,5449.742261192856,6200.0
TCCGCAAAAAAAAAAA-1,1,14,30,5449.742261192856,6600.0
AGCGCAAAAAAAAAAA-1,1,14,32,5449.742261192856,7000.0
CGCGCAAAAAAAAAAA-1,1,14,34,5449.742261192856,7400.0
GGCGCAAAAAAAAAAA-1,1,14,36,5449.742261192856,7800.0
TGCGCAAAAAAAAAAA-1,1,14,38,5449.742261192856,8200.0
ATCGCAAAAAAAAAAA-1,1,14,40,5449.742261192856,8600.0
CTCGCAAAAAAAAAAA-1,1,14,42,5449.742261192856,9000.0
GTCGCAAAAAAAAAAA-1,1,14,44,5449.742261192856,9400.0
TTCGCAAAAAAAAAAA-1,0,14,46,5449.742261192856,9800.0
AAGGCAAAAAAAAAAA-1,0,14,48,5449.742261192856,10200.0
CAGGCAAAAAAAAAAA-1,0,14,50,5449.742261192856,10600.0
GAGGCAAAAAAAAAAA-1,0,14,52,5449.742261192856,11000.0
TAGGCAAAAAAAAAAA-1,0,14,54,5449.742261192856,11400.0
ACGGCAAAAAAAAAAA-1,0,15,1,5796.152422706632,800.0
CCGGCAAAAAAAAAAA-1,0,15,3,5796.152422706632,1200.0
GCGGCAAAAAAAAAAA-1,0,15,5,5796.152422706632,1600.0
TCGGCAAAAAAAAAAA-1,0,15,7,5796.152422706632,2000.0
AGGGCAAAAAAAAAAA-1,0,15,9,5796.152422706632,2400.0
CGGGCAAAAAAAAAAA-1,0,15,11,5796.152422706632,2800.0
GGGGCAAAAAAAAAAA-1,1,15,13,5796.152422706632,3200.0
TGGGCAAAAAAAAAAA-1,1,15,15,5796.152422706632,3600.0
ATGGCAAAAAAAAAAA-1,1,15,17,5796.152422706632,4000.0
CTGGCAAAAAAAAAAA-1,1,15,19,5796.152422706632,4400.0
GTGGCAAAAAAAAAAA-1,1,15,21,5796.152422706632,4800.0
TTGGCAAAAAAAAAAA-1,1,15,23,5796.152422706632,5200.0
AATGCAAAAAAAAAAA-1,1,15,25,5796.152422706632,5600.0
CATGCAAAAAAAAAAA-1,1,15,27,5796.152422706632,6000.0
GATGCAAAAAAAAAAA-1,1,15,29,5796.152422706632,6400.0
TATGCAAAAAAAAAAA-1,1,15,31,5796.152422706632,6800.0
ACTGCAAAAAAAAAAA-1,1,15,33,5796.152422706632,7200.0
CCTGCAAAAAAAAAAA-1,1,15,35,5796.152422706632,7600.0
GCTGCAAAAAAAAAAA-1,1,15,37,5796.152422706632,8000.0
TCTGCAAAAAAAAAAA-1,1,15,39,5796.152422706632,8400.0
AGTGCAAAAAAAAAAA-1,1,15,41,5796.152422706632,8800.0
CGTGCAAAAAAAAAAA-1,1,15,43,5796.152422706632,9200.0
GGTGCAAAAAAAAAAA-1,0,15,45,5796.152422706632,9600.0
TGTGCAAAAAAAAAAA-1,0,15,47,5796.152422706632,10000.0
ATTGCAAAAAAAAAAA-1,0,15,49,5796.152422706632,10400.0
CTTGCAAAAAAAAAAA-1,0,15,51,5796.152422706632,10800.0
GTTGCAAAAAAAAAAA-1,0,15,53,5796.152422706632,11200.0
TTTGCAAAAAAAAAAA-1,0,15,55,5796.152422706632,11600.0
AAATCAAAAAAAAAAA-1,0,16,0,6142.562584220407,600.0
CAATCAAAAAAAAAAA-1,0,16,2,6142.562584220407,1000.0
GAATCAAAAAAAAAAA-1,0,16,4,6142.562584220407,1400.0
TAATCAAAAAAAAAAA-1,0,16,6,6142.562584220407,1800.0
ACATCAAAAAAAAAAA-1,0,16,8,6142.562584220407,2200.0
CCATCAAAAAAAAAAA-1,0,16,10,6142.562584220407,2600.0
GCATCAAAAAAAAAAA-1,0,16,12,6142.562584220407,3000.0
TCATCAAAAAAAAAAA-1,1,16,14,6142.562584220407,3400.0
AGATCAAAAAAAAAAA-1,1,16,16,6142.562584220407,3800.0
CGATCAAAAAAAAAAA-1,1,16,18,6142.562584220407,4200.0
GGATCAAAAAAAAAAA-1,1,16,20,6142.562584220407,4600.0
TGATCAAAAAAAAAAA-1,1,16,22,6142.562584220407,5000.0
ATATCAAAAAAAAAAA-1,1,16,24,6142.562584220407,5400.0
CTATCAAAAAAAAAAA-1,1,16,26,6142.562584220407,5800.0
GTATCAAAAAAAAAAA-1,1,16,28,6142.562584220407,6200.0
TTATCAAAAAAAAAAA-1,1,16,30,6142.562584220407,6600.0
AACTCAAAAAAAAAAA-1,1,16,32,6142.562584220407,7000.0
CACTCAAAAAAAAAAA-1,1,16,34,6142.562584220407,7400.0
GACTCAAAAAAAAAAA-1,1,16,36,6142.562584220407,7800.0
TACTCAAAAAAAAAAA-1,1,16,38,6142.562584220407,8200.0
ACCTCAAAAAAAAAAA-1,1,16,40,6142.562584220407,8600.0
CCCTCAAAAAAAAAAA-1,0,16,42,6142.562584220407,9000.0
GCCTCAAAAAAAAAAA-1,0,16,44,6142.562584220407,9400.0
TCCTCAAAAAAAAAAA-1,0,16,46,6142.562584220407,9800.0
AGCTCAAAAAAAAAAA-1,0,16,48,6142.562584220407,10200.0
CGCTCAAAAAAAAAAA-1,0,16,50,6142.562584220407,10600.0
GGCTCAAAAAAAAAAA-1,0,16,52,6142.562584220407,11000.0
TGCTCAAAAAAAAAAA-1,0,16,54,6142.562584220407,11400.0
ATCTCAAAAAAAAAAA-1,0,17,1,6488.972745734182,800.0
CTCTCAAAAAAAAAAA-1,0,17,3,6488.972745734182,1200.0
GTCTCAAAAAAAAAAA-1,0,17,5,6488.972745734182,1600.0
TTCTCAAAAAAAAAAA-1,0,17,7,6488.972745734182,2000.0
AAGTCAAAAAAAAAAA-1,0,17,9,6488.972745734182,2400.0
CAGTCAAAAAAAAAAA-1,0,17,11,6488.972745734182,2800.0
GAGTCAAAAAAAAAAA-1,0,17,13,6488.972745734182,3200.0
TAGTCAAAAAAAAAAA-1,0,17,15,6488.972745734182,3600.0
ACGTCAAAAAAAAAAA-1,1,17,17,6488.972745734182,4000.0
CCGTCAAAAAAAAAAA-1,1,17,19,6488.972745734182,4400.0
GCGTCAAAAAAAAAAA-1,1,17,21,6488.972745734182,4800.0
TCGTCAAAAAAAAAAA-1,1,17,23,6488.972745734182,5200.0
AGGTCAAAAAAAAAAA-1,1,17,25,6488.972745734182,5600.0
CGGTCAAAAAAAAAAA-1,1,17,27,6488.972745734182,6000.0
GGGTCAAAAAAAAAAA-1,1,17,29,6488.972745734182,6400.0
TGGTCAAAAAAAAAAA-1,1,17,31,6488.972745734182,6800.0
ATGTCAAAAAAAAAAA-1,1,17,33,6488.972745734182,7200.0
CTGTCAAAAAAAAAAA-1,1,17,35,6488.972745734182,7600.0
GTGTCAAAAAAAAAAA-1,1,17,37,6488.972745734182,8000.0
TTGTCAAAAAAAAAAA-1,1,17,39,6488.972745734182,8400.0
AATTCAAAAAAAAAAA-1,0,17,41,6488.972745734182,8800.0
CATTCAAAAAAAAAAA-1,0,17,43,6488.972745734182,9200.0
GATTCAAAAAAAAAAA-1,0,17,45,6488.972745734182,9600.0
TATTCAAAAAAAAAAA-1,0,17,47,6488.972745734182,10000.0
ACTTCAAAAAAAAAAA-1,0,17,49,6488.972745734182,10400.0
CCTTCAAAAAAAAAAA-1,0,17,51,6488.972745734182,10800.0
GCTTCAAAAAAAAAAA-1,0,17,53,6488.972745734182,11200.0
TCTTCAAAAAAAAAAA-1,0,17,55,6488.972745734182,11600.0
AGTTCAAAAAAAAAAA-1,0,18,0,6835.382907247958,600.0
CGTTCAAAAAAAAAAA-1,0,18,2,6835.382907247958,1000.0
GGTTCAAAAAAAAAAA-1,0,18,4,6835.382907247958,1400.0
TGTTCAAAAAAAAAAA-1,0,18,6,6835.382907247958,1800.0
ATTTCAAAAAAAAAAA-1,0,18,8,6835.382907247958,2200.0
CTTTCAAAAAAAAAAA-1,0,18,10,6835.382907247958,2600.0
GTTTCAAAAAAAAAAA-1,0,18,12,6835.382907247958,3000.0
TTTTCAAAAAAAAAAA-1,0,18,14,6835.382907247958,3400.0
AAAAGAAAAAAAAAAA-1,0,18,16,6835.382907247958,3800.0
CAAAGAAAAAAAAAAA-1,0,18,18,6835.382907247958,4200.0
GAAAGAAAAAAAAAAA-1,0,18,20,6835.382907247958,4600.0
TAAAGAAAAAAAAAAA-1,1,18,22,6835.382907247958,5000.0
ACAAGAAAAAAAAAAA-1,1,18,24,6835.382907247958,5400.0
CCAAGAAAAAAAAAAA-1,1,18,26,6835.382907247958,5800.0
GCAAGAAAAAAAAAAA-1,1,18,28,6835.382907247958,6200.0
TCAAGAAAAAAAAAAA-1,1,18,30,6835.382907247958,6600.0
AGAAGAAAAAAAAAAA-1,1,18,32,6835.382907247958,7000.0
CGAAGAAAAAAAAAAA-1,0,18,34,6835.382907247958,7400.0
GGAAGAAAAAAAAAAA-1,0,18,36,6835.382907247958,7800.0
TGAAGAAAAAAAAAAA-1,0,18,38,6835.382907247958,8200.0
ATAAGAAAAAAAAAAA-1,0,18,40,6835.382907247958,8600.0
CTAAGAAAAAAAAAAA-1,0,18,42,6835.382907247958,9000.0
GTAAGAAAAAAAAAAA-1,0,18,44,6835.382907247958,9400.0
TTAAGAAAAAAAAAAA-1,0,18,46,6835.382907247958,9800.0
AACAGAAAAAAAAAAA-1,0,18,48,6835.382907247958,10200.0
CACAGAAAAAAAAAAA-1,0,18,50,6835.382907247958,10600.0
GACAGAAAAAAAAAAA-1,0,18,52,6835.382907247958,11000.0
TACAGAAAAAAAAAAA-1,0,18,54,6835.382907247958,11400.0
ACCAGAAAAAAAAAAA-1,0,19,1,7181.793068761734,800.0
CCCAGAAAAAAAAAAA-1,0,19,3,7181.793068761734,1200.0
GCCAGAAAAAAAAAAA-1,0,19,5,7181.793068761734,1600.0
TCCAGAAAAAAAAAAA-1,0,19,7,7181.793068761734,2000.0
AGCAGAAAAAAAAAAA-1,0,19,9,7181.793068761734,2400.0
CGCAGAAAAAAAAAAA-1,0,19,11,7181.793068761734,2800.0
GGCAGAAAAAAAAAAA-1,0,19,13,7181.793068761734,3200.0
TGCAGAAAAAAAAAAA-1,0,19,15,7181.793068761734,3600.0
ATCAGAAAAAAAAAAA-1,0,19,17,7181.793068761734,4000.0
CTCAGAAAAAAAAAAA-1,0,19,19,7181.793068761734,4400.0
GTCAGAAAAAAAAAAA-1,0,19,21,7181.793068761734,4800.0
TTCAGAAAAAAAAAAA-1,0,19,23,7181.793068761734,5200.0
AAGAGAAAAAAAAAAA-1,0,19,25,7181.793068761734,5600.0
CAGAGAAAAAAAAAAA-1,0,19,27,7181.793068761734,6000.0
GAGAGAAAAAAAAAAA-1,0,19,29,7181.793068761734,6400.0
TAGAGAAAAAAAAAAA-1,0,19,31,7181.793068761734,6800.0
ACGAGAAAAAAAAAAA-1,0,19,33,7181.793068761734,7200.0
CCGAGAAAAAAAAAAA-1,0,19,35,7181.793068761734,7600.0
GCGAGAAAAAAAAAAA-1,0,19,37,7181.793068761734,8000.0
TCGAGAAAAAAAAAAA-1,0,19,39,7181.793068761734,8400.0
AGGAGAAAAAAAAAAA-1,0,19,41,7181.793068761734,8800.0
CGGAGAAAAAAAAAAA-1,0,19,43,7181.793068761734,9200.0
GGGAGAAAAAAAAAAA-1,0,19,45,7181.793068761734,9600.0
TGGAGAAAAAAAAAAA-1,0,19,47,7181.793068761734,10000.0
ATGAGAAAAAAAAAAA-1,0,19,49,7181.793068761734,10400.0
CTGAGAAAAAAAAAAA-1,0,19,51,7181.793068761734,10800.0
GTGAGAAAAAAAAAAA-1,0,19,53,7181.793068761734,11200.0
TTGAGAAAAAAAAAAA-1,0,19,55,7181.793068761734,11600.0
AATAGAAAAAAAAAAA-1,0,20,0,7528.203230275509,600.0
CATAGAAAAAAAAAAA-1,0,20,2,7528.203230275509,1000.0
GATAGAAAAAAAAAAA-1,0,20,4,7528.203230275509,1400.0
TATAGAAAAAAAAAAA-1,0,20,6,7528.203230275509,1800.0
ACTAGAAAAAAAAAAA-1,0,20,8,7528.203230275509,2200.0
CCTAGAAAAAAAAAAA-1,0,20,10,7528.203230275509,2600.0
GCTAGAAAAAAAAAAA-1,0,20,12,7528.203230275509,3000.0
TCTAGAAAAAAAAAAA-1,0,20,14,7528.203230275509,3400.0
AGTAGAAAAAAAAAAA-1,0,20,16,7528.203230275509,3800.0
CGTAGAAAAAAAAAAA-1,0,20,18,7528.203230275509,4200.0
GGTAGAAAAAAAAAAA-1,0,20,20,7528.203230275509,4600.0
TGTAGAAAAAAAAAAA-1,0,20,22,7528.203230275509,5000.0
ATTAGAAAAAAAAAAA-1,0,20,24,7528.203230275509,5400.0
CTTAGAAAAAAAAAAA-1,0,20,26,7528.203230275509,5800.0
GTTAGAAAAAAAAAAA-1,0,20,28,7528.203230275509,6200.0
TTTAGAAAAAAAAAAA-1,0,20,30,7528.203230275509,6600.0
AAACGAAAAAAAAAAA-1,0,20,32,7528.203230275509,7000.0
CAACGAAAAAAAAAAA-1,0,20,34,7528.203230275509,7400.0
GAACGAAAAAAAAAAA-1,0,20,36,7528.203230275509,7800.0
TAACGAAAAAAAAAAA-1,0,20,38,7528.203230275509,8200.0
ACACGAAAAAAAAAAA-1,0,20,40,7528.203230275509,8600.0
CCACGAAAAAAAAAAA-1,0,20,42,7528.203230275509,9000.0
GCACGAAAAAAAAAAA-1,0,20,44,7528.203230275509,9400.0
TCACGAAAAAAAAAAA-1,0,20,46,7528.203230275509,9800.0
AGACGAAAAAAAAAAA-1,0,20,48,7528.203230275509,10200.0
CGACGAAAAAAAAAAA-1,0,20,50,7528.203230275509,10600.0
GGACGAAAAAAAAAAA-1,0,20,52,7528.203230275509,11000.0
TGACGAAAAAAAAAAA-1,0,20,54,7528.203230275509,11400.0
ATACGAAAAAAAAAAA-1,0,21,1,7874.613391789285,800.0
CTACGAAAAAAAAAAA-1,0,21,3,7874.613391789285,1200.0
GTACGAAAAAAAAAAA-1,0,21,5,7874.613391789285,1600.0
TTACGAAAAAAAAAAA-1,0,21,7,7874.613391789285,2000.0
AACCGAAAAAAAAAAA-1,0,21,9,7874.613391789285,2400.0
CACCGAAAAAAAAAAA-1,0,21,11,7874.613391789285,2800.0
GACCGAAAAAAAAAAA-1,0,21,13,7874.613391789285,3200.0
TACCGAAAAAAAAAAA-1,0,21,15,7874.613391789285,3600.0
ACCCGAAAAAAAAAAA-1,0,21,17,7874.613391789285,4000.0
CCCCGAAAAAAAAAAA-1,0,21,19,7874.613391789285,4400.0
GCCCGAAAAAAAAAAA-1,0,21,21,7874.613391789285,4800.0
TCCCGAAAAAAAAAAA-1,0,21,23,7874.613391789285,5200.0
AGCCGAAAAAAAAAAA-1,0,21,25,7874.613391789285,5600.0
CGCCGAAAAAAAAAAA-1,0,21,27,7874.613391789285,6000.0
GGCCGAAAAAAAAAAA-1,0,21,29,7874.613391789285,6400.0
TGCCGAAAAAAAAAAA-1,0,21,31,7874.613391789285,6800.0
ATCCGAAAAAAAAAAA-1,0,21,33,7874.613391789285,7200.0
CTCCGAAAAAAAAAAA-1,0,21,35,7874.613391789285,7600.0
GTCCGAAAAAAAAAAA-1,0,21,37,7874.613391789285,8000.0
TTCCGAAAAAAAAAAA-1,0,21,39,7874.613391789285,8400.0
AAGCGAAAAAAAAAAA-1,0,21,41,7874.613391789285,8800.0
CAGCGAAAAAAAAAAA-1,0,21,43,7874.613391789285,9200.0
GAGCGAAAAAAAAAAA-1,0,21,45,7874.613391789285,9600.0
TAGCGAAAAAAAAAAA-1,0,21,47,7874.613391789285,10000.0
ACGCGAAAAAAAAAAA-1,0,21,49,7874.613391789285,10400.0
CCGCGAAAAAAAAAAA-1,0,21,51,7874.613391789285,10800.0
GCGCGAAAAAAAAAAA-1,0,21,53,7874.613391789285,11200.0
TCGCGAAAAAAAAAAA-1,0,21,55,7874.613391789285,11600.0
